{"cameraMode":{"drawMode":0,"name":"Shaded","section":"Shading Mode"},"sceneLighting":false,"audioPlay":false,"sceneViewState":{"showFog":true,"showMaterialUpdate":false,"showSkybox":false,"showFlares":true,"showImageEffects":true,"showParticleSystems":true},"in2DMode":false,"pivot":{"x":-0.8009999990463257,"y":0.3319999873638153,"z":-0.050999999046325687},"rotation":{"x":-0.1738743633031845,"y":0.5187948942184448,"z":-0.10744447261095047,"w":-0.8302748203277588},"size":22.0,"orthographic":false}