{"cameraMode":{"drawMode":0,"name":"Shaded","section":"Shading Mode"},"sceneLighting":false,"audioPlay":false,"sceneViewState":{"showFog":true,"showMaterialUpdate":false,"showSkybox":false,"showFlares":true,"showImageEffects":true,"showParticleSystems":true},"in2DMode":false,"pivot":{"x":445.07373046875,"y":77.39198303222656,"z":587.7500610351563},"rotation":{"x":-0.0951341986656189,"y":-0.8984905481338501,"z":-0.350559800863266,"w":0.24707134068012238},"size":31.342945098876954,"orthographic":false}