{"cameraMode":{"drawMode":0,"name":"Shaded","section":"Shading Mode"},"sceneLighting":false,"audioPlay":false,"sceneViewState":{"showFog":true,"showMaterialUpdate":false,"showSkybox":true,"showFlares":true,"showImageEffects":true,"showParticleSystems":true},"in2DMode":false,"pivot":{"x":657.9712524414063,"y":4.2729997634887699,"z":625.2000122070313},"rotation":{"x":-0.010481313802301884,"y":-0.8501749038696289,"z":-0.019611472263932229,"w":0.5266131162643433},"size":11.297616004943848,"orthographic":false}