{"cameraMode":{"drawMode":0,"name":"Shaded","section":"Shading Mode"},"sceneLighting":false,"audioPlay":false,"sceneViewState":{"showFog":true,"showMaterialUpdate":false,"showSkybox":false,"showFlares":true,"showImageEffects":true,"showParticleSystems":true},"in2DMode":false,"pivot":{"x":0.0013197064399719239,"y":-0.23817585408687592,"z":0.3250783681869507},"rotation":{"x":-0.18914540112018586,"y":0.15159490704536439,"z":-0.027912570163607599,"w":-0.9700863361358643},"size":2.59920334815979,"orthographic":false}